id,app_name,package_name,date_of_analysis,developer,category,number_of_downloads,data_safety_link,privacy_policy_link
201,"Eden: Christian Dating,Matches",com.eden_android,15-09-2023,Digital Church,Dating,1M+,https://play.google.com/store/apps/datasafety?id=com.eden_android,https://eden.dating/en/policy
202,Canada Dating - International,canadianmeet.dating.chatsingles.friends,15-09-2023,Dating Apps Social,Dating,1M+,https://play.google.com/store/apps/datasafety?id=canadianmeet.dating.chatsingles.friends,https://canadian-c7ded.web.app/privacy-policy.html
203,Profile Picture Border insta,instadp.circele.profile.picture.border.maker,15-09-2023,Sharva Apps,Photography,100K+,https://play.google.com/store/apps/datasafety?id=instadp.circele.profile.picture.border.maker,https://sites.google.com/view/photovideobitapps/privacy-policy
204,Makeup 365 - Makeup Editor,com.oshiharapps.facemakeupbeauty.prettymakeup.makeupeditor,15-09-2023,Oshihar Apps,Photography,100K+,https://play.google.com/store/apps/datasafety?id=com.oshiharapps.facemakeupbeauty.prettymakeup.makeupeditor,https://sites.google.com/view/oshihar-apps/home
205,Hair Color Changer,droidconsulting.haircolorchanger,15-09-2023,Delka&Toni,Photography,100K+,https://play.google.com/store/apps/datasafety?id=droidconsulting.haircolorchanger,https://sites.google.com/view/love-christmas-privacy-policy/home
206,Marriage Photo Frame,com.sigmaappsolution.marriagephotoframe,15-09-2023,Millennium Creativity Apps,Photography,100K+,https://play.google.com/store/apps/datasafety?id=com.sigmaappsolution.marriagephotoframe,https://millenniumcreativityapps.blogspot.com/2022/06/privacy-policy.html
207,Eyebrow Editor,com.mendone.eyebrow.editor,15-09-2023,Brandon Wozniak,Photography,100K+,https://play.google.com/store/apps/datasafety?id=com.mendone.eyebrow.editor,https://sites.google.com/view/brandon-wozniak-privacy-policy/eyebrow-editor
208,Arab Man Photo Suit,best.edtphoto.arabman_suitchanger,15-09-2023,photo editing apps studio,Photography,100K+,https://play.google.com/store/apps/datasafety?id=best.edtphoto.arabman_suitchanger,https://bestphotoeditingappspolicy.blogspot.com/2017/09/best-photo-editing-apps-privacy-policy.html
209,Garden Photo Mixer / blender,com.mvltrapps.gardentransparentphotoframes,15-09-2023,MVLTR Apps,Photography,1M+,https://play.google.com/store/apps/datasafety?id=com.mvltrapps.gardentransparentphotoframes,https://mvltrapps.com/privacy-policy.php
210,Schmooze:Meme-based dating app,com.schmoozeapps.schmooze,15-09-2023,Ranga Media Inc.,Dating,50K+,https://play.google.com/store/apps/datasafety?id=com.schmoozeapps.schmooze,https://privacy-policy.schmooze.tech/
211,BBW Dating Hookup App: BBWink,com.hookup.dating.bbw.wink,15-09-2023,Hookup Apps to Hook up Local Dating,Dating,100K+,https://play.google.com/store/apps/datasafety?id=com.hookup.dating.bbw.wink,http://www.bbwinkdating.com/privacy.html
212,Republic Day Photo Editor,com.august15Photoeditor.photoeditor.ly,15-09-2023,Photo Editor.ly,Photography,100K+,https://play.google.com/store/apps/datasafety?id=com.august15Photoeditor.photoeditor.ly,https://photoeditorly.blogspot.com/2018/11/photo-editor.html
213,Video Chat & Dating App: Gaper,com.agegap.gaper,15-09-2023,Hookup & Dating App - Gaper,Dating,50K+,https://play.google.com/store/apps/datasafety?id=com.agegap.gaper,https://gaperapp.info/privacy.html
214,Nevermet - VR Dating Metaverse,com.cheerioworld.nevermet,15-09-2023,Nevermet,Dating,50K+,https://play.google.com/store/apps/datasafety?id=com.cheerioworld.nevermet,https://www.nevermet.io/privacy
215,Taj Mahal Photo Frames,com.appbites.tajmahalphotoframes,15-09-2023,App Bites,Photography,100K+,https://play.google.com/store/apps/datasafety?id=com.appbites.tajmahalphotoframes,https://kirakapps.com/privacy_policy.html
216,دردشة أوتار - Awtar Chat‎,com.awtar.mob.app,15-09-2023,FP SOUTH,Dating,10K+,https://play.google.com/store/apps/datasafety?id=com.awtar.mob.app,https://www.awtar.tech/Privacy_policyEn.php
217,Prewedding Photo Editor : Phot,makstyle.preweddingphotoframe,15-09-2023,Stylish Photo Apps,Photography,100K+,https://play.google.com/store/apps/datasafety?id=makstyle.preweddingphotoframe,https://makstyleappsprivacy.blogspot.com/2020/11/privacy-policy.html
218,14 August Photo Frame Sticker,com.makeupcollections.august.photoframe.sticker.editor,15-09-2023,Photo Makeup Collections,Photography,100K+,https://play.google.com/store/apps/datasafety?id=com.makeupcollections.august.photoframe.sticker.editor,https://sites.google.com/view/photomakercollections
219,Black White Interracial Dating,com.blackwhitemeet,15-09-2023,Black White Dating,Dating,1M+,https://play.google.com/store/apps/datasafety?id=com.blackwhitemeet,https://www.blackwhite.singles/privacy.html
221,"Pink | Dating App to Chat, Dat",com.dating.pink,15-09-2023,Pink - Be Pink,Dating,1K+,https://play.google.com/store/apps/datasafety?id=com.dating.pink,https://piink.xyz/privacy_policy.html
222,Rainbow Photo Frames,com.appbites.rainbowphotoframes,15-09-2023,App Bites,Photography,50K+,https://play.google.com/store/apps/datasafety?id=com.appbites.rainbowphotoframes,https://kirakapps.com/privacy_policy.html
223,LunchClick by Lunch Actually -,co.lunchclick,15-09-2023,Lunch Actually Pte. Ltd.,Dating,100K+,https://play.google.com/store/apps/datasafety?id=co.lunchclick,http://www.lunchclick.co/privacy/
224,Funimate Video Director - Bzoo,com.bzoo.videomaker.moviemaker.story.status.lyrical,15-09-2023,Bzoo Studio,Photography,50K+,https://play.google.com/store/apps/datasafety?id=com.bzoo.videomaker.moviemaker.story.status.lyrical,https://docs.google.com/document/d/e/2PACX-1vTeTW44RqVyka-QbscpprI1PqD3M_YW5jtE42aU5RRVDZwBJ_Cgn8TN9RXCAFRw1YI3WbIZBKMuDsNv/pub
225,Neenbo: Find Love Now!,com.neenbo,15-09-2023,Neenbo,Dating,5M+,https://play.google.com/store/apps/datasafety?id=com.neenbo,https://www.neenbo.com/politica
226,Text on Photo,com.atsdev.textonphoto,15-09-2023,AT Software Developers,Photography,500K+,https://play.google.com/store/apps/datasafety?id=com.atsdev.textonphoto,https://atsoftdeveloper.wordpress.com/
227,Lovely Photo Frames,com.ram.lovelyphotoframes,15-09-2023,RamkumarApps,Photography,50K+,https://play.google.com/store/apps/datasafety?id=com.ram.lovelyphotoframes,https://ramkumarapps.blogspot.com/2022/07/ramkumar-apps-privacy-policy.html
228,Dual Photo Mixer - Photo joint,com.mvltrapps.dualphotoblender,15-09-2023,MVLTR Apps,Photography,1M+,https://play.google.com/store/apps/datasafety?id=com.mvltrapps.dualphotoblender,https://mvltrapps.com/privacy-policy.php
229,Beach Photo Frames,com.appbites.beachphotoframes,15-09-2023,App Bites,Photography,50K+,https://play.google.com/store/apps/datasafety?id=com.appbites.beachphotoframes,https://kirakapps.com/privacy_policy.html
230,Valo - Love App,fi.kotisatamanvalo.app,15-09-2023,Kotisataman Valo,Dating,100K+,https://play.google.com/store/apps/datasafety?id=fi.kotisatamanvalo.app,https://valoapp.io/privacy
231,Bhabhi Call: Live Talk Video,boudi.live.videocall,15-09-2023,Bhabhi Call: Indian Live Talk Video,Dating,100K+,https://play.google.com/store/apps/datasafety?id=boudi.live.videocall,https://www.freeprivacypolicy.com/live/2e51f4c4-a25d-46b7-ab6a-690334d476b8
232,Royal Car Photo Editor,makstyle.royalcarphotoeditor,15-09-2023,Stylish Photo Apps,Photography,500K+,https://play.google.com/store/apps/datasafety?id=makstyle.royalcarphotoeditor,https://makstyleappsprivacy.blogspot.com/2020/11/privacy-policy.html
233,Meeto- Random Video Call,com.meetnewpeople.meet.call.people.livechat,15-09-2023,Meeto Team,Dating,500K+,https://play.google.com/store/apps/datasafety?id=com.meetnewpeople.meet.call.people.livechat,https://durmal.blogspot.com/2019/12/privacy-policy.html
234,Happy Valentines Photo Frames,com.ram.happyvalentinesdayframes,15-09-2023,RamkumarApps,Photography,100K+,https://play.google.com/store/apps/datasafety?id=com.ram.happyvalentinesdayframes,https://ramkumarapps.blogspot.com/2022/07/ramkumar-apps-privacy-policy.html
235,Night Goggles Thermal Effects,com.nightmodegogglesmultiple.thermaleffects,15-09-2023,Kellyapps,Photography,50K+,https://play.google.com/store/apps/datasafety?id=com.nightmodegogglesmultiple.thermaleffects,https://m4529446.wixsite.com/privacypolicy
236,France Chat Social Dating,com.chatnetworkapp.france,15-09-2023,Samatech Apps,Dating,10K+,https://play.google.com/store/apps/datasafety?id=com.chatnetworkapp.france,http://usa.chatews.com/terms.php
237,Ganesh Photo Frame Editor,com.mvltrapps.ganeshphotoframes,15-09-2023,MVLTR Apps,Photography,50K+,https://play.google.com/store/apps/datasafety?id=com.mvltrapps.ganeshphotoframes,https://mvltrapps.com/privacy-policy.php
238,Yuyyu : Dating app. Meet. Chat,com.yuyyu.horoscopematch,15-09-2023,Yuyyu,Dating,100K+,https://play.google.com/store/apps/datasafety?id=com.yuyyu.horoscopematch,https://yuyyu.com/privacy-policy
239,"Man Muscle Editor, Biceps, Six",com.dgt.manmuscleeditorslimbody,15-09-2023,GD Techlab,Photography,100K+,https://play.google.com/store/apps/datasafety?id=com.dgt.manmuscleeditorslimbody,https://gdtechlab.wordpress.com/2019/09/23/privacy-policy/
240,CFish: Christian Dating App,com.cfishes.christiandating,15-09-2023,Smart Dating Group,Dating,100K+,https://play.google.com/store/apps/datasafety?id=com.cfishes.christiandating,https://www.cfishes.com/privacy.html
242,Name On Anniversary Cake Photo,com.sigmaappsolution.nameonaniversaryphoto,15-09-2023,Millennium Creativity Apps,Photography,500K+,https://play.google.com/store/apps/datasafety?id=com.sigmaappsolution.nameonaniversaryphoto,https://millenniumcreativityapps.blogspot.com/2022/06/privacy-policy.html
243,BlackGentry – Black Dating App,app.blackgentry,15-09-2023,ZeelTech,Dating,100K+,https://play.google.com/store/apps/datasafety?id=app.blackgentry,https://blackgentryapp.com/privacy-policy-2/
244,AI Background Remover,com.utopiatechnologies.aibgremover,15-09-2023,Utopia Technologies,Photography,100K+,https://play.google.com/store/apps/datasafety?id=com.utopiatechnologies.aibgremover,https://aibgremover.com/privacy_policy.html
245,India Flag Photo DP Letter Art,com.jazzyworlds.myindiadp,15-09-2023,Jazzy Worlds,Photography,1M+,https://play.google.com/store/apps/datasafety?id=com.jazzyworlds.myindiadp,https://sites.google.com/view/jazzyworld
246,WellHello: Dating & Chat,com.sebastianotrven.turinisayhellolove,15-09-2023,sebastianoventurini,Dating,10K+,https://play.google.com/store/apps/datasafety?id=com.sebastianotrven.turinisayhellolove,https://pages.flycricket.io/sayhellolove/privacy.html
247,"DSLR Blur Background, Bokeh bg",com.bluefishapp.blureffect,15-09-2023,Solution Cat Ltd,Photography,10M+,https://play.google.com/store/apps/datasafety?id=com.bluefishapp.blureffect,https://sites.google.com/view/blureffect
248,Anonymous Chat - (Random Chat),kr.jungrammer.anonymous,15-09-2023,stranger.chat,Dating,100K+,https://play.google.com/store/apps/datasafety?id=kr.jungrammer.anonymous,https://strangerchat.io/policy/privacy-en-stranger-chat.html
249,Asian Pen Pals - Meet New Frie,com.apenpals.friends,15-09-2023,Dating & Social Network,Dating,50K+,https://play.google.com/store/apps/datasafety?id=com.apenpals.friends,https://apenpals.com/legal/privacy
250,Love Locket Photo Frames,com.ram.lovelocketframes,15-09-2023,RamkumarApps,Photography,100K+,https://play.google.com/store/apps/datasafety?id=com.ram.lovelocketframes,https://ramkumarapps.blogspot.com/2022/07/ramkumar-apps-privacy-policy.html
251,AvoVietnam - Dating and chat,com.avodating.avovietnam.rnative,15-09-2023,Avo Dating,Dating,10K+,https://play.google.com/store/apps/datasafety?id=com.avodating.avovietnam.rnative,http://static.avodating.com/privacy-policy.html
252,Photo Editor & Image Filters,com.rstech.photo.editor.filters.fun.editpicture.effects.photoblend.blurphoto,15-09-2023,RamsonTech,Photography,100K+,https://play.google.com/store/apps/datasafety?id=com.rstech.photo.editor.filters.fun.editpicture.effects.photoblend.blurphoto,http://saanviaps.blogspot.com/2018/08/privacy-policy.html
253,Date Finder - Online Dating,com.dateinsfinder,15-09-2023,WTM Mobile,Dating,10K+,https://play.google.com/store/apps/datasafety?id=com.dateinsfinder,https://www.freeprivacypolicy.com/privacy/view/8857528a54a4b4b0f6494cd891d1e04d
254,HOARDING PHOTO FRAMES,com.ram.hoardingphotoframes,15-09-2023,RamkumarApps,Photography,500K+,https://play.google.com/store/apps/datasafety?id=com.ram.hoardingphotoframes,https://ramkumarapps.blogspot.com/2022/07/ramkumar-apps-privacy-policy.html
255,Binoculars Model V11 Zoom Cam,com.binocularsmodel.v1145xzoomhd.cameraphotovideo,15-09-2023,Droid tech,Photography,1M+,https://play.google.com/store/apps/datasafety?id=com.binocularsmodel.v1145xzoomhd.cameraphotovideo,https://droidtech.site/privacy-policy/
256,Birthday Cake Frames,com.ram.birthdaycakeframes,15-09-2023,RamkumarApps,Photography,1M+,https://play.google.com/store/apps/datasafety?id=com.ram.birthdaycakeframes,https://ramkumarapps.blogspot.com/2022/07/ramkumar-apps-privacy-policy.html
257,Happy Birthday & Love Sticker,com.bringsgame.hotstickers,15-09-2023,bringsgame,Dating,100K+,https://play.google.com/store/apps/datasafety?id=com.bringsgame.hotstickers,https://sites.google.com/view/bringsgamepolicy
258,Thai Romances - Thai Dating,com.thairomances.twa.en,15-09-2023,Skainet Limited,Dating,5K+,https://play.google.com/store/apps/datasafety?id=com.thairomances.twa.en,https://thairomances.com/privacy-policy
259,chat meet people make friends,schan.main,15-09-2023,Talkfi Inc.,Dating,1M+,https://play.google.com/store/apps/datasafety?id=schan.main,http://www.talkfi.net/terms/
260,Christmas Photo Editor,com.ram.christmasphotoeditor,15-09-2023,RamkumarApps,Photography,50K+,https://play.google.com/store/apps/datasafety?id=com.ram.christmasphotoeditor,https://ramkumarapps.blogspot.com/2022/07/ramkumar-apps-privacy-policy.html
261,Military Suit Photo Editor for,com.militaryapp.mailitarysuitformanandwoman,15-09-2023,Camponse Corporation,Photography,100K+,https://play.google.com/store/apps/datasafety?id=com.militaryapp.mailitarysuitformanandwoman,https://camponsecorporation.wordpress.com
262,Newyear Frames,com.ram.newyearframes,15-09-2023,RamkumarApps,Photography,50K+,https://play.google.com/store/apps/datasafety?id=com.ram.newyearframes,https://ramkumarapps.blogspot.com/2022/07/ramkumar-apps-privacy-policy.html
263,Man Leather Coat Photo Editor,com.dgt.leathercoat,15-09-2023,GD Techlab,Photography,100K+,https://play.google.com/store/apps/datasafety?id=com.dgt.leathercoat,https://gdtechlab.wordpress.com/2019/09/23/privacy-policy/
264,Instant Camera FX Retro Filter,com.onemanwithcamera.instaretro,15-09-2023,Fragranze Apps Limited,Photography,1M+,https://play.google.com/store/apps/datasafety?id=com.onemanwithcamera.instaretro,http://www.fragranzeapps.com/PrivacyPolicy.html
265,Happy Newyear Frames,com.ram.happynewyearframes,15-09-2023,RamkumarApps,Photography,500K+,https://play.google.com/store/apps/datasafety?id=com.ram.happynewyearframes,https://ramkumarapps.blogspot.com/2022/07/ramkumar-apps-privacy-policy.html
266,Valentine Day Photo Frame,com.sumeruskydevelopers.valentinelovecardphoto,15-09-2023,Sumeru Sky Developer,Photography,100K+,https://play.google.com/store/apps/datasafety?id=com.sumeruskydevelopers.valentinelovecardphoto,https://sumeruskydevelopers.blogspot.com/2022/06/privacy-policy.html
267,Thuluthin ثلثین خط الثلث‎,app.ir.adoos.thuluthin,15-09-2023,Ahmad Ramezannia,Photography,50K+,https://play.google.com/store/apps/datasafety?id=app.ir.adoos.thuluthin,https://www.privacypolicygenerator.info/live.php?token=DSlBVwTdNibZXXFkpN5dM93VhG8K5Pk0
268,tbc | dating: We arrange dates,io.sanvean.tbc,15-09-2023,Sanvean Limited,Dating,1K+,https://play.google.com/store/apps/datasafety?id=io.sanvean.tbc,https://tbcapp.co/privacy.html
269,Photo Effects,com.appspot.swisscodemonkeys.effectsfree,15-09-2023,AppTornado,Photography,5M+,https://play.google.com/store/apps/datasafety?id=com.appspot.swisscodemonkeys.effectsfree,https://www.appbrain.com/info/help/privacy/index.html
270,FWB: Friends with Benefits App,com.adult.friend.finder.friendswithbenifits.fwbapp,15-09-2023,Friends with Benefits App,Dating,50K+,https://play.google.com/store/apps/datasafety?id=com.adult.friend.finder.friendswithbenifits.fwbapp,https://www.gofwbapp.com/privacy.html
271,Mirchi - South Asian Dating,com.dating.mirchi,15-09-2023,Mirchi Inc.,Dating,10K+,https://play.google.com/store/apps/datasafety?id=com.dating.mirchi,https://mirchiapp.com/privacy-policy-2/
272,Muslim Cupid,au.com.meetmefreedatingapp.muslim,15-09-2023,Romantic Cupid,Dating,10K+,https://play.google.com/store/apps/datasafety?id=au.com.meetmefreedatingapp.muslim,https://www.aussietechnology.com/footer_privacypolicy.php?appName=muslim
273,Pak Flag Shirt Photo Editor,com.goshi.pakflag.flagshirt.flagonface,15-09-2023,Goshiapps,Photography,500K+,https://play.google.com/store/apps/datasafety?id=com.goshi.pakflag.flagshirt.flagonface,https://goshiweb.wordpress.com/2017/01/04/our-privacy-policy/
274,"Waiter: Less dating, more love",love.waiter.android,15-09-2023,Waiter dating,Dating,500K+,https://play.google.com/store/apps/datasafety?id=love.waiter.android,https://www.waiter.love/en/privacy.html
275,15 August Photo Editor,photoeditor.IndependenceDay.photo.august15dayphotoeditor,15-09-2023,PhotoSuitEditor,Photography,100K+,https://play.google.com/store/apps/datasafety?id=photoeditor.IndependenceDay.photo.august15dayphotoeditor,https://photosuiteditorprivacy.blogspot.com/2019/02/privacy-policy-we-collect-information.html
276,Christmas Photo Frames,com.Christmas.Photo.Frames.Background.Effects,15-09-2023,Mobi Softech,Photography,100K+,https://play.google.com/store/apps/datasafety?id=com.Christmas.Photo.Frames.Background.Effects,http://onex-28c2.kxcdn.com/moreapps/MobiSoftech-Privacy-Policy.html
277,Cartoon Photo Editor: Art,com.photopro.artfilter,15-09-2023,Fillog Studio,Photography,100K+,https://play.google.com/store/apps/datasafety?id=com.photopro.artfilter,https://sites.google.com/view/vegoo-privacy-policy
278,Photo frame,com.photoflower.photo.frame.collage,15-09-2023,video editor maker htt,Photography,100K+,https://play.google.com/store/apps/datasafety?id=com.photoflower.photo.frame.collage,https://sites.google.com/view/photovideomaker-slideshow
279,Pepper Chat,com.pepper.chat,15-09-2023,pepeer chat,Dating,5K+,https://play.google.com/store/apps/datasafety?id=com.pepper.chat,https://www.privacypolicygenerator.info/live.php?token=VhQadpkyVwX5NfQJMezTl2txT388LmKz
280,Around Find Friends Meet,zuchatapp.com,15-09-2023,Civarda Sevgili bul,Dating,500K+,https://play.google.com/store/apps/datasafety?id=zuchatapp.com,https://zuuchat.com/doc/privacy-policy.html
282,Find Love. Chat Now!,com.meetapp.free.loveme,15-09-2023,MeetApp Dating,Dating,500K+,https://play.google.com/store/apps/datasafety?id=com.meetapp.free.loveme,http://kazanlachani.com/terms/privacy.html
283,Marriage Photo Frames,com.ram.marriagephotoframes,15-09-2023,RamkumarApps,Photography,50K+,https://play.google.com/store/apps/datasafety?id=com.ram.marriagephotoframes,https://ramkumarapps.blogspot.com/2022/07/ramkumar-apps-privacy-policy.html
284,"Photo frame, Photo collage",com.editor.photo.flower.photoframe,15-09-2023,video maker pvd,Photography,1M+,https://play.google.com/store/apps/datasafety?id=com.editor.photo.flower.photoframe,https://sites.google.com/view/photoframe-photocollage-pvd
285,Join - Meet & Live chat,com.videochat.dateu.online,15-09-2023,sweet.dating.you,Dating,1M+,https://play.google.com/store/apps/datasafety?id=com.videochat.dateu.online,http://joinapp.ltd/privacyjoin.html
286,Photo Suit Editor&Fashion Suit,com.photo.suit.editor,15-09-2023,Crazy Softech Games,Photography,5M+,https://play.google.com/store/apps/datasafety?id=com.photo.suit.editor,http://onex-28c2.kxcdn.com/moreapps/CrazySoftech-Privacy-Policy.html
287,Passport Size Photo Maker,com.zmobileapps.passportphoto,15-09-2023,Z Mobile Apps,Photography,5M+,https://play.google.com/store/apps/datasafety?id=com.zmobileapps.passportphoto,https://zmobileapps.wordpress.com/
288,DruzeLink,com.druzelink,15-09-2023,DruzeLink,Dating,5K+,https://play.google.com/store/apps/datasafety?id=com.druzelink,https://druzelink.com/privacy
289,Edit Photos And Videos,com.tricore.newyear.fireworks,15-09-2023,Tri Core,Photography,1M+,https://play.google.com/store/apps/datasafety?id=com.tricore.newyear.fireworks,https://sites.google.com/site/tricoreapps/privacy-policy
290,Hijab Fashion Photo Frames,freeappshouse.hijab.fashion.photo.frames,15-09-2023,Freedom Apps House,Photography,100K+,https://play.google.com/store/apps/datasafety?id=freeappshouse.hijab.fashion.photo.frames,https://docs.google.com/document/d/e/2PACX-1vR-30NJ2cHJZ9BX16jqDVpC4CTmeP0its0UoCyIPMyIIiQiR2p4Dks-_RrRsiDf0cR-ZV6pJkT5bL8B/pub
291,دمج الصور والاغانى وصنع فيديو ‎,com.hafidabano.alkitaba.sowarmodhila,15-09-2023,hafidabano,Photography,500K+,https://play.google.com/store/apps/datasafety?id=com.hafidabano.alkitaba.sowarmodhila,http://newapparabic.blogspot.com/2017/05/privacy-policy.html
292,Pongal Photo Frames,com.ram.pongalframes,15-09-2023,RamkumarApps,Photography,100K+,https://play.google.com/store/apps/datasafety?id=com.ram.pongalframes,https://ramkumarapps.blogspot.com/2022/07/ramkumar-apps-privacy-policy.html
293,Love Photo Frame,com.Square.Photo.Frame.Collection.lovephotoframe,15-09-2023,Square Photo Frame Collection,Photography,100K+,https://play.google.com/store/apps/datasafety?id=com.Square.Photo.Frame.Collection.lovephotoframe,https://squarephotoframecollection.blogspot.com/2020/06/square-photo-frame-collection.html
294,Fitafy : Fitness Dating,com.fitfam.findr,15-09-2023,Fitafy,Dating,50K+,https://play.google.com/store/apps/datasafety?id=com.fitfam.findr,https://fitafy.com/privacy
295,Guardian Soulmates Online Dati,com.theguardian.soulmates,15-09-2023,Guardian News & Media Ltd,Dating,10K+,https://play.google.com/store/apps/datasafety?id=com.theguardian.soulmates,https://soulmates.theguardian.com/privacy
296,Photo Background Changer,com.wisdomlogix.background.remover.change.bg,15-09-2023,Wisdomlogix Solutions,Photography,1M+,https://play.google.com/store/apps/datasafety?id=com.wisdomlogix.background.remover.change.bg,https://wisdomlogix.com/app/background-remover/privacy-policy.html
297,Beauty Camera - Selfie Editor,com.camera.sweet.selfie.beauty.camera,15-09-2023,Roomb Apps,Photography,10M+,https://play.google.com/store/apps/datasafety?id=com.camera.sweet.selfie.beauty.camera,https://www.socem.com/PrivacyPolicy.html
298,Recolor - Change Colors,kalisohn.android.recolor,15-09-2023,kalisohn,Photography,100K+,https://play.google.com/store/apps/datasafety?id=kalisohn.android.recolor,https://kalisohn.wordpress.com/recolor-privacy-policy/
299,HD Photo Editor - Pic Editor,com.photoeditor.photocollage.hdphotoeditor,15-09-2023,G3G,Photography,5M+,https://play.google.com/store/apps/datasafety?id=com.photoeditor.photocollage.hdphotoeditor,https://entertaimentteam-de043.web.app/
300,Alovoa Lite,com.alovoa.alovoa_playstore,15-09-2023,alovoa.com TEAM,Dating,1K+,https://play.google.com/store/apps/datasafety?id=com.alovoa.alovoa_playstore,https://alovoa.com/privacy
